Workbook

Sheet Data Set
A1: Strain | B1: AL45 | E1: Strain | F1: N60 | I1: Strain | J1: K45 | M1: Strain | N1: AA2 | Q1: Strain | R1: AA1
A2: Gender | B2: Female | E2: Gender | F2: Female | I2: Gender | J2: Female | M2: Gender | N2: Female | Q2: Gender | R2: Female
A3: Tare WT | B3: WT 20 Fly | C3: actual wt | E3: Tare WT | F3: WT 20 Fly | G3: actual wt | I3: Tare WT | J3: WT 20 Fly | K3: actual wt | M3: Tare WT | N3: WT 20 Fly | O3: actual wt | Q3: Tare WT | R3: WT 20 Fly | S3: actual wt
A4: 1.4993 | B4: 1.5263 | C4: =SUM(B4-A4) -> 0.027 | E4: 1.4995 | F4: 1.5268 | G4: =SUM(F4-E4) -> 0.0273 | I4: 1.4995 | J4: 1.5268 | K4: =SUM(J4-I4) -> 0.0273 | M4: 1.4995 | N4: 1.5363 | O4: =SUM(N4-M4) -> 0.0368 | Q4: 1.4995 | R4: 1.5362 | S4: =SUM(R4-Q4) -> 0.0367
A5: 1.4995 | B5: 1.527 | C5: =SUM(B5-A5) -> 0.0275 | E5: 1.4996 | F5: 1.5263 | G5: =SUM(F5-E5) -> 0.0267 | I5: 1.4997 | J5: 1.526 | K5: =SUM(J5-I5) -> 0.0263 | M5: 1.4997 | N5: 1.5367 | O5: =SUM(N5-M5) -> 0.037 | Q5: 1.4997 | R5: 1.5369 | S5: =SUM(R5-Q5) -> 0.0372
A6: 1.4994 | B6: 1.5264 | C6: =SUM(B6-A6) -> 0.027 | E6: 1.4996 | F6: 1.5268 | G6: =SUM(F6-E6) -> 0.0272 | I6: 1.4996 | J6: 1.5256 | K6: =SUM(J6-I6) -> 0.026 | M6: 1.4997 | N6: 1.5364 | O6: =SUM(N6-M6) -> 0.0367 | Q6: 1.4998 | R6: 1.536 | S6: =SUM(R6-Q6) -> 0.0362
A7: 1.4995 | B7: 1.5274 | C7: =SUM(B7-A7) -> 0.0279 | E7: 1.4996 | F7: 1.5263 | G7: =SUM(F7-E7) -> 0.0267 | I7: 1.4996 | J7: 1.5254 | K7: =SUM(J7-I7) -> 0.0258 | M7: 1.4995 | N7: 1.5371 | O7: =SUM(N7-M7) -> 0.0376 | Q7: 1.4998 | R7: 1.5358 | S7: =SUM(R7-Q7) -> 0.036
A8: 1.4997 | B8: 1.5261 | C8: =SUM(B8-A8) -> 0.0264 | E8: 1.4996 | F8: 1.5275 | G8: =SUM(F8-E8) -> 0.0279 | I8: 1.4998 | J8: 1.526 | K8: =SUM(J8-I8) -> 0.0262 | M8: 1.4997 | N8: 1.5364 | O8: =SUM(N8-M8) -> 0.0367 | Q8: 1.4997 | R8: 1.5368 | S8: =SUM(R8-Q8) -> 0.0371
A9: 1.4995 | B9: 1.5265 | C9: =SUM(B9-A9) -> 0.027 | E9: 1.4998 | F9: 1.5272 | G9: =SUM(F9-E9) -> 0.0274 | I9: 1.4997 | J9: 1.5248 | K9: =SUM(J9-I9) -> 0.0251 | M9: 1.4996 | N9: 1.5354 | O9: =SUM(N9-M9) -> 0.0358 | R9: Average | S9: =AVERAGE(S4:S8) -> 0.03664
B10: Average | C10: =AVERAGE(C4:C9) -> 0.027133333 | F10: Average | G10: =AVERAGE(G4:G9) -> 0.0272 | I10: 1.4997 | J10: 1.5247 | K10: =SUM(J10-I10) -> 0.025 | N10: Average | O10: =AVERAGE(O4:O9) -> 0.036766667 | R10: ST Dev | S10: =STDEV(S4:S8) -> 0.00053197744
B11: ST Dev | C11: =STDEV(C4:C9) -> 0.00051251016 | F11: ST Dev | G11: =STDEV(G4:G9) -> 0.00045607017 | J11: Average | K11: =AVERAGE(K4:K9) -> 0.026116667 | N11: ST Dev | O11: =STDEV(O4:O9) -> 0.00058195074
J12: ST Dev | K12: =STDEV(K4:K9) -> 0.00071949056
A14: Strain | B14: AL45 | E14: Strain | F14: N60 | I14: Strain | J14: K45 | M14: Strain | N14: AA2 | Q14: Strain | R14: AA1
A15: Gender | B15: Male | E15: Gender | F15: Male | I15: Gender | J15: Male | M15: Gender | N15: Male | Q15: Gender | R15: Male
A16: Tare WT | B16: WT 20 Fly | C16: actual wt | E16: Tare WT | F16: WT 20 Fly | G16: actual wt | I16: Tare WT | J16: WT 20 Fly | K16: actual wt | M16: Tare WT | N16: WT 20 Fly | O16: actual wt | Q16: Tare WT | R16: WT 20 Fly | S16: actual wt
A17: 1.4994 | B17: 1.5161 | C17: =SUM(B17-A17) -> 0.0167 | E17: 1.4995 | F17: 1.5167 | G17: =SUM(F17-E17) -> 0.0172 | I17: 1.4995 | J17: 1.5152 | K17: =SUM(J17-I17) -> 0.0157 | M17: 1.4995 | N17: 1.525 | O17: =SUM(N17-M17) -> 0.0255 | Q17: 1.4994 | R17: 1.5234 | S17: =SUM(R17-Q17) -> 0.024
A18: 1.4995 | B18: 1.5168 | C18: =SUM(B18-A18) -> 0.0173 | E18: 1.4997 | F18: 1.5166 | G18: =SUM(F18-E18) -> 0.0169 | I18: 1.4997 | J18: 1.516 | K18: =SUM(J18-I18) -> 0.0163 | M18: 1.4996 | N18: 1.5243 | O18: =SUM(N18-M18) -> 0.0247 | Q18: 1.4996 | R18: 1.5244 | S18: =SUM(R18-Q18) -> 0.0248
A19: 1.4996 | B19: 1.5162 | C19: =SUM(B19-A19) -> 0.0166 | E19: 1.4996 | F19: 1.5165 | G19: =SUM(F19-E19) -> 0.0169 | I19: 1.4996 | J19: 1.5161 | K19: =SUM(J19-I19) -> 0.0165 | M19: 1.4996 | N19: 1.5249 | O19: =SUM(N19-M19) -> 0.0253 | Q19: 1.4995 | R19: 1.5236 | S19: =SUM(R19-Q19) -> 0.0241
A20: 1.4996 | B20: 1.5167 | C20: =SUM(B20-A20) -> 0.0171 | E20: 1.4997 | F20: 1.5159 | G20: =SUM(F20-E20) -> 0.0162 | I20: 1.4995 | J20: 1.5157 | K20: =SUM(J20-I20) -> 0.0162 | M20: 1.4996 | N20: 1.5256 | O20: =SUM(N20-M20) -> 0.026 | Q20: 1.4997 | R20: 1.5237 | S20: =SUM(R20-Q20) -> 0.024
A21: 1.4997 | B21: 1.5158 | C21: =SUM(B21-A21) -> 0.0161 | E21: 1.4997 | F21: 1.5162 | G21: =SUM(F21-E21) -> 0.0165 | I21: 1.4996 | J21: 1.5157 | K21: =SUM(J21-I21) -> 0.0161 | M21: 1.4996 | N21: 1.5245 | O21: =SUM(N21-M21) -> 0.0249 | R21: Average | S21: =AVERAGE(S17:S20) -> 0.024225
B22: Average | C22: =AVERAGE(C17:C21) -> 0.01676 | E22: 1.4997 | F22: 1.516 | G22: =SUM(F22-E22) -> 0.0163 | I22: 1.4996 | J22: 1.5161 | K22: =SUM(J22-I22) -> 0.0165 | M22: 1.4996 | N22: 1.525 | O22: =SUM(N22-M22) -> 0.0254 | R22: ST Dev | S22: =STDEV(S17:S20) -> 0.00038622101
B23: ST Dev | C23: =STDEV(C17:C21) -> 0.0004669047 | F23: Average | G23: =AVERAGE(G17:G22) -> 0.016666667 | J23: Average | K23: =AVERAGE(K17:K22) -> 0.016216667 | M23: 1.4996 | N23: 1.5251 | O23: =SUM(N23-M23) -> 0.0255
F24: ST Dev | G24: =STDEV(G17:G22) -> 0.00039327683 | J24: ST Dev | K24: =STDEV(K17:K22) -> 0.00029944393 | N24: Average | O24: =AVERAGE(O17:O22) -> 0.0253
N25: ST Dev | O25: =STDEV(O17:O22) -> 0.00046043458

Sheet Data Summary
A1: Strain | B1: Sex | C1: Average | D1: St Dev
A2: AL 45 | B2: Female | C2: ='Data Set'!C10 -> 0.027133333 | D2: ='Data Set'!C11 -> 0.00051251016
A3: N60 | B3: Female | C3: ='Data Set'!G10 -> 0.0272 | D3: ='Data Set'!G11 -> 0.00045607017
A4: K45 | B4: Female | C4: ='Data Set'!K11 -> 0.026116667 | D4: ='Data Set'!K12 -> 0.00071949056
A5: AA2 | B5: Female | C5: ='Data Set'!O10 -> 0.036766667 | D5: ='Data Set'!O11 -> 0.00058195074
A6: AA1 | B6: Female | C6: ='Data Set'!S9 -> 0.03664 | D6: ='Data Set'!S10 -> 0.00053197744
A7: AL 45 | B7: Male | C7: ='Data Set'!C22 -> 0.01676 | D7: ='Data Set'!C23 -> 0.0004669047
A8: N60 | B8: Male | C8: ='Data Set'!G23 -> 0.016666667 | D8: ='Data Set'!G24 -> 0.00039327683
A9: K45 | B9: Male | C9: ='Data Set'!K23 -> 0.016216667 | D9: ='Data Set'!K24 -> 0.00029944393
A10: AA2 | B10: Male | C10: ='Data Set'!O24 -> 0.0253 | D10: ='Data Set'!O25 -> 0.00046043458
A11: AA1 | B11: Male | C11: ='Data Set'!S21 -> 0.024225 | D11: ='Data Set'!S22 -> 0.00038622101

Sheet Sheet3
