Workbook

Sheet Input Form
A1: DATE: | C1: 42578 | F1: INITS: | H1: DRC
C3: LINE: | D3: AA1
C4: GEN: | D4: 657
C5: SAMPLE: | D5: 1
C6: CFM: | D6: 11
A8: 40 | B8: ="-" -> - | C8: 0
A9: 39 | B9: ="-" -> - | C9: 0
A10: 38 | B10: ="-" -> - | C10: 0
A11: 37 | B11: ="-" -> - | C11: 0
A12: 36 | B12: ="-" -> - | C12: 0
A13: 35 | B13: ="-" -> - | C13: 0
A14: 34 | B14: ="-" -> - | C14: 0
A15: 33 | B15: ="-" -> - | C15: 0
A16: 32 | B16: ="-" -> - | C16: 0
A17: 31 | B17: ="-" -> - | C17: 0
A18: 30 | B18: ="-" -> - | C18: 0
A19: 29 | B19: ="-" -> - | C19: 0
... A48: 0 | B48: ="-" -> - | C48: 33

Sheet Output Form
B2: DATE: | C2: =Calculations!A2 -> 42578
B3: FILENAME: | C3: =Calculations!B2 -> AA1-657-1.DAT
B5: TOTAL FLIES = | C5: =Calculations!I6 -> 313
B6: FLOWRATE (Cu.Ft./Min.) = | C6: =Calculations!J2 -> 11
B7: (L/Min.) = | C7: =Calculations!I10 -> 311.3
B9: MEAN BIN = | C9: =Calculations!D2 -> 1.4920128
B10: MEDIAN BIN = | C10: =Calculations!C2 -> 0.95111111
B11: MEAN SPEED (IN/SEC) = | C11: =Calculations!F2 -> 2.6747572
B12: MEAN SPEED (CM/SEC) = | C12: =C11*2.54 -> 6.7938833
B13: MEDIAN SPEED (IN/SEC) = | C13: =Calculations!E2 -> -0.21887556
B14: MEDIAN SPEED (CM/SEC) = | C14: =C13*2.54 -> -0.55594391

Sheet Calculations
A1: DATE | B1: FILENAME | C1: MED_COMP | D1: MEAN_COMP | E1: MED_CM | F1: MEAN_CM | G1: Line | H1: Generation | I1: Sample # | J1: Flowrate | K1: 40 | L1: 39 | M1: 38 | N1: 37 | O1: 36 | P1: 35 | Q1: 34 | R1: 33 | S1: 32 | T1: 31 | U1: 30 | V1: 29 | W1: 28 | X1: 27 | Y1: 26 | Z1: 25 | AA1: 24 | AB1: 23 | AC1: 22 | AD1: 21 | AE1: 20 | AF1: 19 | AG1: 18 | AH1: 17 | AI1: 16 | AJ1: 15 | AK1: 14 | AL1: 13 | AM1: 12 | AN1: 11 | AO1: 10 | AP1: 9 | AQ1: 8 | AR1: 7 | AS1: 6 | AT1: 5 | AU1: 4 | AV1: 3 | AW1: 2 | AX1: 1 | AY1: 0
A2: ='Input Form'!C1 -> 42578 | B2: =CONCATENATE(G2,"-",H2,"-",I2,".DAT") -> AA1-657-1.DAT | C2: =I8 -> 0.95111111 | D2: =I4/I6 -> 1.4920128 | E2: =I9 -> -0.21887556 | F2: =I5/I6 -> 2.6747572 | G2: ='Input Form'!D3 -> AA1 | H2: ='Input Form'!D4 -> 657 | I2: ='Input Form'!D5 -> 1 | J2: =VALUE('Input Form'!D6) -> 11 | K2: ='Input Form'!C8 -> 0 | L2: ='Input Form'!C9 -> 0 | M2: ='Input Form'!C10 -> 0 | N2: ='Input Form'!C11 -> 0 | O2: ='Input Form'!C12 -> 0 | P2: ='Input Form'!C13 -> 0 | Q2: ='Input Form'!C14 -> 0 | R2: ='Input Form'!C15 -> 0 | S2: ='Input Form'!C16 -> 0 | T2: ='Input Form'!C17 -> 0 | U2: ='Input Form'!C18 -> 0 | V2: ='Input Form'!C19 -> 0 | W2: ='Input Form'!C20 -> 0 | X2: ='Input Form'!C21 -> 0 | Y2: ='Input Form'!C22 -> 0 | Z2: ='Input Form'!C23 -> 0 | AA2: ='Input Form'!C24 -> 0 | AB2: ='Input Form'!C25 -> 0 | AC2: ='Input Form'!C26 -> 0 | AD2: ='Input Form'!C27 -> 0 | AE2: ='Input Form'!C28 -> 0 | AF2: ='Input Form'!C29 -> 0 | AG2: ='Input Form'!C30 -> 0 | AH2: ='Input Form'!C31 -> 0 | AI2: ='Input Form'!C32 -> 0 | AJ2: ='Input Form'!C33 -> 0 | AK2: ='Input Form'!C34 -> 0 | AL2: ='Input Form'!C35 -> 0 | AM2: ='Input Form'!C36 -> 0 | AN2: ='Input Form'!C37 -> 2 | AO2: ='Input Form'!C38 -> 1 | AP2: ='Input Form'!C39 -> 1 | AQ2: ='Input Form'!C40 -> 3 | AR2: ='Input Form'!C41 -> 1 | AS2: ='Input Form'!C42 -> 7 | AT2: ='Input Form'!C43 -> 4 | AU2: ='Input Form'!C44 -> 15 | AV2: ='Input Form'!C45 -> 6 | AW2: ='Input Form'!C46 -> 15 | AX2: ='Input Form'!C47 -> 225 | AY2: ='Input Form'!C48 -> 33
K3: =K1*K2 -> 0 | L3: =L1*L2 -> 0 | M3: =M1*M2 -> 0 | N3: =N1*N2 -> 0 | O3: =O1*O2 -> 0 | P3: =P1*P2 -> 0 | Q3: =Q1*Q2 -> 0 | R3: =R1*R2 -> 0 | ... AX3: =AX1*AX2 -> 225
H4: compsum | I4: =SUM(K3:AX3) -> 467 | K4: =L1*K2*0.407*$J$2 -> 0 | L4: =M1*L2*0.407*$J$2 -> 0 | M4: =N1*M2*0.407*$J$2 -> 0 | N4: =O1*N2*0.407*$J$2 -> 0 | O4: =P1*O2*0.407*$J$2 -> 0 | P4: =Q1*P2*0.407*$J$2 -> 0 | Q4: =R1*Q2*0.407*$J$2 -> 0 | R4: =S1*R2*0.407*$J$2 -> 0 | ... AX4: =AY1*AX2*0.407*$J$2 -> 0
H5: vsum | I5: =SUM(K4:AX4) -> 837.199 | K5: 0 | L5: =K5+L2 -> 0 | M5: =L5+M2 -> 0 | N5: =M5+N2 -> 0 | O5: =N5+O2 -> 0 | P5: =O5+P2 -> 0 | Q5: =P5+Q2 -> 0 | R5: =Q5+R2 -> 0 | S5: =R5+S2 -> 0 | ... AY5: =AX5+AY2 -> 313
H6: sum | I6: =SUM(K2:AY2) -> 313 | K6: =IF(K5<($I$6/2),1,0) -> 1 | L6: =IF(L5<($I$6/2),1,0) -> 1 | M6: =IF(M5<($I$6/2),1,0) -> 1 | N6: =IF(N5<($I$6/2),1,0) -> 1 | O6: =IF(O5<($I$6/2),1,0) -> 1 | P6: =IF(P5<($I$6/2),1,0) -> 1 | Q6: =IF(Q5<($I$6/2),1,0) -> 1 | R6: =IF(R5<($I$6/2),1,0) -> 1 | ... AY6: =IF(AY5<($I$6/2),1,0) -> 0
H7: frak | I7: =SUM(L8:AY8) -> 0.45111111 | L7: =IF(AND(K6=1,L6=0),1,0) -> 0 | M7: =IF(AND(L6=1,M6=0),1,0) -> 0 | N7: =IF(AND(M6=1,N6=0),1,0) -> 0 | O7: =IF(AND(N6=1,O6=0),1,0) -> 0 | P7: =IF(AND(O6=1,P6=0),1,0) -> 0 | Q7: =IF(AND(P6=1,Q6=0),1,0) -> 0 | R7: =IF(AND(Q6=1,R6=0),1,0) -> 0 | S7: =IF(AND(R6=1,S6=0),1,0) -> 0 | ... AY7: =IF(AND(AX6=1,AY6=0),1,0) -> 0
H8: medcomp | I8: =SUM(L9:AY9) -> 0.95111111 | L8: =IF(L7,($I$6/2-K5)/L2,"") | M8: =IF(M7,($I$6/2-L5)/M2,"") | N8: =IF(N7,($I$6/2-M5)/N2,"") | O8: =IF(O7,($I$6/2-N5)/O2,"") | P8: =IF(P7,($I$6/2-O5)/P2,"") | Q8: =IF(Q7,($I$6/2-P5)/Q2,"") | R8: =IF(R7,($I$6/2-Q5)/R2,"") | S8: =IF(S7,($I$6/2-R5)/S2,"") | ... AY8: =IF(AY7,($I$6/2-AX5)/AY2,"")
H9: median | I9: =SUM(L10:AY10) -> -0.21887556 | L9: =IF(L7,L1+L8-0.5,"") | M9: =IF(M7,M1+M8-0.5,"") | N9: =IF(N7,N1+N8-0.5,"") | O9: =IF(O7,O1+O8-0.5,"") | P9: =IF(P7,P1+P8-0.5,"") | Q9: =IF(Q7,Q1+Q8-0.5,"") | R9: =IF(R7,R1+R8-0.5,"") | S9: =IF(S7,S1+S8-0.5,"") | ... AY9: =IF(AY7,AY1+AY8-0.5,"")
H10: lpmin | I10: =28.3*J2 -> 311.3 | L10: =IF(L7,(L9-1)*0.407*$J$2,"") | M10: =IF(M7,(M9-1)*0.407*$J$2,"") | N10: =IF(N7,(N9-1)*0.407*$J$2,"") | O10: =IF(O7,(O9-1)*0.407*$J$2,"") | P10: =IF(P7,(P9-1)*0.407*$J$2,"") | Q10: =IF(Q7,(Q9-1)*0.407*$J$2,"") | R10: =IF(R7,(R9-1)*0.407*$J$2,"") | S10: =IF(S7,(S9-1)*0.407*$J$2,"") | ... AY10: =IF(AY7,(AY9-1)*0.407*$J$2,"")
K11: =100*(K2/$I$6) -> 0 | L11: =100*(L2/$I$6) -> 0 | M11: =100*(M2/$I$6) -> 0 | N11: =100*(N2/$I$6) -> 0 | O11: =100*(O2/$I$6) -> 0 | P11: =100*(P2/$I$6) -> 0 | Q11: =100*(Q2/$I$6) -> 0 | R11: =100*(R2/$I$6) -> 0 | ... AY11: =100*(AY2/$I$6) -> 10.543131
